{
  "triggers": {
    "kick01": "[0]",
    "clap01": "[8,24,40,56]",
    "snap02": "[0,2,3]",
    "ohh02": "[8,24,40,56]",
    "chh05": "[0,4,8,12,16,20,24,28,32,36,40,44,48,52,56,60,64,68,72,76,80,84,88,92,96,100,104,108,112,116,120,124]",
    "c": "[0,16]",
    "f": "[24,56]",
    "g": "[48]"
  },
  "samples": {
    "kick01": {
      "gain": 0.1,
      "speed": 1.5,
      "start": 0,
      "file": "Kick01.mp3",
      "end": 0.6
    },
    "clap01": {
      "gain": 0.4,
      "speed": 0.9,
      "file": "Clap01.mp3",
      "start": 0,
      "end": 0.5984791666666667
    },
    "snap02": {
      "speed": 1.6,
      "file": "Snap02.mp3",
      "gain": 1,
      "start": 0,
      "end": 0.6683125
    },
    "ohh02": {
      "speed": 1.5,
      "file": "OHH02.mp3",
      "gain": 1,
      "start": 0,
      "end": 1.0075625
    },
    "chh05": {
      "gain": 0.7,
      "speed": 0.7,
      "file": "CHH05.mp3",
      "start": 0,
      "end": 0.33325
    },
    "c": {
      "gain": 0.3,
      "speed": 0.66734693877551,
      "start": 0,
      "file": "Chord01_G.mp3",
      "end": 1.2371041666666667
    },
    "f": {
      "gain": 0.3,
      "speed": 0.891020408163265,
      "start": 0,
      "file": "Chord01_G.mp3",
      "end": 1.2371041666666667
    },
    "g": {
      "gain": 0.3,
      "start": 0,
      "speed": 1,
      "file": "Chord01_G.mp3",
      "end": 1.2371041666666667
    }
  }
}